,tp,tn,fp,fn,fpr,tpr,thresholds
0,470,605,309,273,[0.        0.3380744 1.       ],[0.         0.63257066 1.        ],[2 1 0]
