fpr,tpr,thresholds
0.0,0.0,1.477662205696106
1.0,1.0,0.47766220569610596
